{"cameraMode":{"drawMode":0,"name":"Shaded","section":"Shading Mode"},"sceneLighting":true,"audioPlay":false,"sceneViewState":{"m_AlwaysRefresh":false,"showFog":true,"showSkybox":true,"showFlares":true,"showImageEffects":true,"showParticleSystems":true,"showVisualEffectGraphs":true,"m_FxEnabled":true},"in2DMode":false,"pivot":{"x":0.30533888936042788,"y":0.15012839436531068,"z":-3.0877914428710939},"rotation":{"x":-0.03394282981753349,"y":0.9420626759529114,"z":-0.3182738423347473,"w":-0.10041891038417816},"size":3.3215091228485109,"orthographic":false}